1,3.62,7.32,0.72967,377,1
2,3.92,8.05,0.7756,377,2
3,7.01,8.63,0.44602,377,3
4,4.18,8.3,0.34639,377,4
5,1.29,6.77,3.5556,377,5
6,3.94,8.69,1.461,377,6
7,5.18,7.32,1.6538,377,7
8,2.53,7.04,0.56192,377,8
9,-0.63,5.19,3.7786,377,9
10,-3.51,2.91,3.9206,377,10
11,-1.67,3.5,3.6777,377,11
12,-1.03,2.62,3.5953,377,12
13,-0.77,3.06,2.3117,377,13
14,1.1,3.05,1.028,377,14
15,1.55,4.06,2.5752,377,15
16,1.55,5.97,1.1096,377,16
17,5.25,6.63,0.96169,377,17
18,4.67,7.39,2.0464,377,18
19,1.82,4.97,1.5016,377,19
20,2.99,5.28,0.8347,377,20
21,2.47,5.75,2.2596,377,21
22,2.9,5,2.2548,377,22
23,-5.02,3.77,1.1231,377,23
24,-8.78,-0.02,6.543,377,24
25,-2.54,2.84,4.8349,377,25
26,-1.28,4.75,2.8041,377,26
27,-0.13,3.06,0.84173,377,27
28,-1,5.57,1.1977,377,28
29,5.15,10.43,0.51532,377,29
30,6.5,9.4,1.3955,377,30
31,8.29,10.39,1.677,377,31
32,7.2,9.39,2.8798,377,32
33,5.13,7.84,4.5566,377,33
34,3.74,8.19,3.5657,377,34
35,4.09,8.45,0.84677,377,35
36,5.61,11.23,5.7295,377,36
37,5.39,8.67,1.5908,377,37
38,5.46,8.69,4.1204,377,38
39,5.84,11.15,0.93339,377,39
40,4.5,7.57,2.8004,377,40
41,2.61,7.75,2.867,377,41
42,0.65,7.37,7.9178,377,42
43,2.52,6.21,3.0961,377,43
44,1.61,6.76,5.4925,377,44
45,0.27,6.8,5.5016,377,45
46,3.82,7.82,5.076,377,46
47,0,4.45,5.9027,377,47
48,0,5.01,3.9784,377,48
49,0.19,6.65,1.6903,377,49
50,2.17,5.17,2.0573,377,50
51,-0.54,5.97,7.198,377,51
52,-3.24,5,6.3476,377,52
53,0.26,4.78,3.8215,377,53
54,-1.16,8.77,8.2314,377,54
55,3.8,8.9,4.519,377,55
56,1.88,7.57,8.7081,377,56
57,-0.62,8.36,10.0032,377,57
58,-0.3,11.92,9.2788,377,58
59,5.31,13.16,1.7172,377,59
60,3.84,8.23,5.3155,377,60
61,2.59,6.89,6.607,377,61
62,0.14,6.32,4.3411,377,62
63,2.58,8.83,5.1258,377,63
64,-0.51,2.55,8.7947,377,64
65,-1.56,6.08,7.9782,377,65
66,2.54,7.63,3.9732,377,66
67,6.89,11.37,5.7098,377,67
68,8.59,12.81,1.257,377,68
69,5.46,12.43,3.7926,377,69
70,3.07,8.9,6.6325,377,70
71,6.06,10,6.0072,377,71
72,5.14,10.4,7.5783,377,72
73,4.97,9.41,4.2908,377,73
74,3.76,9.19,2.1109,377,74
75,1.74,7.11,8.5265,377,75
76,5.5,8.29,2.0699,377,76
77,5.21,10.04,4.7999,377,77
78,4.74,7.23,5.6658,377,78
79,2.33,9.62,12.4296,377,79
80,-2.2,8.68,7.476,377,80
81,3.63,8.95,4.186,377,81
82,1.71,14.98,14.7956,377,82
83,-1.34,11.94,14.7069,377,83
84,5.99,11.64,2.8321,377,84
85,5.69,10.5,7.3446,377,85
86,2.67,9.33,9.0004,377,86
87,1.73,8.39,4.3129,377,87
88,1.89,3.93,1.715,377,88
89,3.37,6.78,3.7157,377,89
90,4.99,6.81,2.535,377,90
91,3.85,7.32,5.0346,377,91
92,2.96,8.4,6.148,377,92
93,2.75,13.48,11.7121,377,93
94,6.26,16.7,12.9117,377,94
95,4.58,14.8,10.5777,377,95
96,-0.34,6.16,8.5678,377,96
97,-1.78,10,16.39,377,97
98,-1.61,11.44,17.4538,377,98
99,-0.13,11.56,12.5156,377,99
100,3.48,13.68,20.1445,377,100
101,0.05,9.08,21.8337,377,101
102,-1.71,11.65,17.6358,377,102
103,2.93,7.9,7.2091,377,103
104,3.27,8.09,7.1057,377,104
105,2.79,9.66,10.6021,377,105
106,4.21,12.6,8.7671,377,106
107,5.09,12.22,15.2832,377,107
108,6.79,13.42,12.4189,377,108
109,6.41,14.41,14.0316,377,109
110,7.92,17.28,17.877,377,110
111,7.27,17.14,14.1485,377,111
112,10.83,17.25,14.9124,377,112
113,11.03,18.39,6.8146,377,113
114,8.78,12.36,3.7172,377,114
115,7.29,15.34,13.9735,377,115
116,7.61,20.01,20.4633,377,116
117,10.53,22.43,19.4672,377,117
118,10.58,19.93,13.3879,377,118
119,11.24,23.25,18.2498,377,119
120,10.64,12.9,3.3559,377,120
121,10.63,13.68,5.1209,377,121
122,9.69,15.76,8.9311,377,122
123,8.21,11.38,4.4091,377,123
124,8.66,13.55,4.9768,377,124
125,9.4,19.85,18.8563,377,125
126,8.64,24.25,25.3135,377,126
127,13.54,25.84,23.9617,377,127
128,14.19,25.77,21.574,377,128
129,13.39,24.91,18.0071,377,129
130,13.27,24.21,17.3118,377,130
131,12.68,26.05,20.1251,377,131
132,12.6,24.14,26.1048,377,132
133,10.99,23.81,26.1771,377,133
134,11.73,23.63,26.7447,377,134
135,10.76,26.92,27.4671,377,135
136,12.99,27.89,26.0293,377,136
137,13.63,28.17,22.2367,377,137
138,10.94,15.82,15.4269,377,138
139,8.32,13.76,13.7907,377,139
140,7.65,12.23,9.6144,377,140
141,6.82,13.58,17.8483,377,141
142,4.56,12.54,8.5285,377,142
143,8.58,14.51,10.4684,377,143
144,6.94,17.8,13.1781,377,144
145,10.97,16.69,13.3803,377,145
146,10.28,14.05,13.8785,377,146
147,7.63,16.91,16.1229,377,147
148,10.03,16.55,17.5511,377,148
149,7.2,11.99,5.6122,377,149
150,6.89,13.44,15.5646,377,150
151,3.74,14.11,15.3442,377,151
152,4.76,17.09,25.3887,377,152
153,10.45,19.39,11.6431,377,153
154,12.36,21.03,25.9121,377,154
155,11.3,22.98,19.8483,377,155
156,11.9,20.22,19.8396,377,156
157,8.12,15.14,5.433,377,157
158,10.21,14.91,9.9065,377,158
159,9.2,15.18,17.7863,377,159
160,5.14,21.28,29.8111,377,160
161,13.78,29.25,28.2103,377,161
162,13.03,20.2,18.9717,377,162
163,9.33,18.44,23.1511,377,163
164,10.86,20.09,18.9782,377,164
165,14.06,18.8,16.4412,377,165
166,14.79,19.65,11.4465,377,166
167,9.67,17.71,21.7635,377,167
168,5.84,15.88,23.7578,377,168
169,6.08,20.38,30.4653,377,169
170,11.66,28.05,29.3856,377,170
171,17.38,32.29,29.7078,377,171
172,19.98,32.75,27.2376,377,172
173,15.15,25.61,17.3653,377,173
174,12.6,18.33,11.7207,377,174
175,11.33,17.5,12.1286,377,175
176,10.3,15.62,14.9914,377,176
177,9.88,13.7,11.7434,377,177
178,8.83,14.26,18.7837,377,178
179,5.76,15.89,23.3929,377,179
180,7.15,15.11,18.6419,377,180
181,8.84,15.69,23.4208,377,181
182,5.11,17.97,23.3628,377,182
183,8.35,14.08,6.9606,377,183
184,13.21,23.48,19.119,377,184
185,13.63,23.26,18.8859,377,185
186,14.26,23.33,18.5909,377,186
187,14.1,16.72,6.8478,377,187
188,12.56,19.43,17.4906,377,188
189,9.11,15.66,16.6231,377,189
190,7.29,14.82,10.448,377,190
191,11.97,13.87,3.9714,377,191
192,11.79,17.81,16.2939,377,192
193,11.49,14.6,10.6087,377,193
194,8.2,15.81,25.683,377,194
195,10.22,15.57,6.3867,377,195
196,10.36,14.42,13.6226,377,196
197,9.8,15.12,14.8548,377,197
198,11.52,15.81,11.3482,377,198
199,11.41,14.86,7.8608,377,199
200,11.46,15.31,14.5524,377,200
201,12.53,18.47,12.5397,377,201
202,11.28,20.51,20.2399,377,202
203,10.81,17.07,20.7168,377,203
204,10.11,19.08,10.8207,377,204
205,12.76,20.26,22.6089,377,205
206,13.59,23.16,18.0318,377,206
207,14.81,19.24,10.3116,377,207
208,13.48,17.97,8.7344,377,208
209,13.52,20.56,16.1916,377,209
210,13.68,20.87,12.8783,377,210
211,12.83,18.92,11.746,377,211
212,13.82,20.7,16.8737,377,212
213,12.9,21.9,21.5448,377,213
214,15.1,26.32,20.23,377,214
215,13.68,20.85,16.8344,377,215
216,13.88,21.51,18.5458,377,216
217,15.62,20.99,14.5432,377,217
218,15.87,22.13,20.712,377,218
219,15.98,21.31,14.1679,377,219
220,16.47,21.72,13.0976,377,220
221,17.08,22.42,15.6217,377,221
222,17.07,23.16,20.562,377,222
223,16.76,19.68,7.6239,377,223
224,13.87,21.94,19.7136,377,224
225,12.44,22.97,24.3015,377,225
226,14.21,28.03,20.1111,377,226
227,19.03,25.35,15.0125,377,227
228,13.36,21.2,9.7803,377,228
229,12.68,22.12,18.9823,377,229
230,16.38,21.86,19.4925,377,230
231,16.53,21.86,19.4109,377,231
232,16.53,21.86,19.4109,377,232
233,11.47,19.53,21.4133,377,233
234,9.86,19.53,22.7579,377,234
235,9.86,19.53,22.7579,377,235
236,9.86,19.63,22.7323,377,236
237,9.62,21.59,22.2205,377,237
238,11.51,19.94,13.4882,377,238
239,12.17,25.76,20.2633,377,239
240,14.02,18.45,4.3437,377,240
241,11.14,18.52,10.9486,377,241
242,9.65,19.05,13.1907,377,242
243,5.81,18.24,15.3735,377,243
244,9.72,19.1,17.492,377,244
245,12.45,17.34,8.1383,377,245
246,12,16.65,8.0823,377,246
247,11.33,16.32,10.9915,377,247
248,11.44,16.25,13.3286,377,248
249,10.05,18.56,10.6118,377,249
250,12.07,15.93,5.071,377,250
251,12.79,17.15,9.8931,377,251
252,14.2,18.22,2.2504,377,252
253,14.96,18.58,3.2471,377,253
254,13.41,22.21,10.1938,377,254
255,13.95,22.77,14.9424,377,255
256,13.83,21.77,8.0026,377,256
257,13.67,18.81,11.9736,377,257
258,10.75,19.83,10.7026,377,258
259,13.07,20.84,9.4083,377,259
260,11.44,18.07,11.4684,377,260
261,7.86,16.87,4.1063,377,261
262,11.22,18.78,11.4947,377,262
263,12.57,21.05,13.9626,377,263
264,11.39,15.69,1.9289,377,264
265,8.87,13.76,5.7475,377,265
266,8.1,19.12,11.3337,377,266
267,11.83,19.22,13.8335,377,267
268,9.21,19.67,15.2535,377,268
269,12.37,18.75,12.3749,377,269
270,12.4,21.01,6.6748,377,270
271,13.15,18.41,11.0762,377,271
272,13.92,16.74,2.9147,377,272
273,13.72,20.63,6.6493,377,273
274,12.12,18.99,8.267,377,274
275,11.6,14.59,1.3994,377,275
276,10.03,15.57,7.528,377,276
277,9.44,14.77,6.9393,377,277
278,9.19,14.71,3.2578,377,278
279,8.8,15.8,6.3977,377,279
280,6.25,12.8,7.5491,377,280
281,3.04,12.52,9.5671,377,281
282,4.81,11.28,1.6386,377,282
283,5.18,13.33,10.7058,377,283
284,7.25,10.85,6.7245,377,284
285,7.3,12.33,6.1459,377,285
286,8.7,14.68,8.6677,377,286
287,8.47,14.91,8.7668,377,287
288,6.28,11.3,5.0052,377,288
289,6.95,11.99,2.3464,377,289
290,10.32,16.51,3.6147,377,290
291,5.11,13.53,7.4498,377,291
292,4.95,11.57,3.224,377,292
293,6.76,14.95,6.28,377,293
294,6.07,15.64,8.0742,377,294
295,11.72,17.56,4.7351,377,295
296,10.56,18.87,7.4138,377,296
297,10.9,18.25,6.7831,377,297
298,11.23,12.96,2.6438,377,298
299,9.41,13.92,1.2356,377,299
300,7.31,12.36,5.925,377,300
301,7.5,11.71,0.99403,377,301
302,11.79,13.41,1.0257,377,302
303,8.81,12.48,4.4288,377,303
304,7.45,12.92,0.75053,377,304
305,8.13,15.25,1.918,377,305
306,7.06,10.98,1.3554,377,306
307,5.98,11.35,3.6708,377,307
308,4.76,10.64,5.6165,377,308
309,3.78,9.61,4.3836,377,309
310,3.93,10.32,6.0335,377,310
311,6.47,11.14,2.1402,377,311
312,6.99,9.13,1.5648,377,312
313,6.84,9.14,0.93227,377,313
314,6.56,8.81,1.18,377,314
315,5.28,8.41,1.8674,377,315
316,5.36,9.92,2.6491,377,316
317,7.36,9.26,0.93141,377,317
318,6.13,9.24,2.3587,377,318
319,3.39,9.19,4.1157,377,319
320,3.2,7.5,1.8385,377,320
321,4.75,8.97,2.5199,377,321
322,1.71,7.07,3.5685,377,322
323,3.1,7.47,2.7914,377,323
324,7.64,9.74,1.0962,377,324
325,3.75,7.57,1.4918,377,325
326,3.24,7.07,2.3331,377,326
327,5.74,9.51,2.1512,377,327
328,4.48,10.3,1.0818,377,328
329,4.19,9.04,1.9508,377,329
330,3.45,8.55,2.4184,377,330
331,4.9,8.58,1.7914,377,331
332,4.15,7.89,3.75,377,332
333,6.52,14.02,0.74363,377,333
334,9.98,13.33,2.8949,377,334
335,5.1,19.39,3.478,377,335
336,9.72,14.07,2.022,377,336
337,9.49,12.9,2.4831,377,337
338,4.46,9.66,1.893,377,338
339,3.48,9.1,2.2767,377,339
340,6.18,12.08,3.0669,377,340
341,9.17,11.65,0.98865,377,341
342,7.71,10.95,1.9008,377,342
343,9.83,14.33,1.8205,377,343
344,7.88,10.68,2.061,377,344
345,6.84,10.81,0.70542,377,345
346,8.9,12.87,1.7381,377,346
347,11.7,13.43,0.40509,377,347
348,8.79,13.57,0.80062,377,348
349,4.95,18.3,1.6249,377,349
350,3.34,6.02,1.2849,377,350
351,2.02,4.09,1.2006,377,351
352,-0.21,4.58,3.5778,377,352
353,0.57,3.95,0.99814,377,353
354,-0.64,3.92,3.8704,377,354
355,-1.05,2.62,3.3856,377,355
356,-2.02,2.01,4.0926,377,356
357,-4.73,1.55,3.8156,377,357
358,-6.22,1.39,4.4161,377,358
359,-1.09,0.68,1.1619,377,359
360,-4.61,-0.04,2.4712,377,360
361,-5.3,-1.98,2.1319,377,361
362,-2.54,-1.14,0.6736,377,362
363,-1.62,0.79,0.956,377,363
364,-1.8,1.9,2.7458,377,364
365,-0.12,2.25,1.751,377,365
366,-2.17,0.31,1.5949,377,366
367,-0.26,5.91,0.46548,380,1
368,5.17,10.48,2.807,380,2
369,3.73,9.82,2.7302,380,3
370,4.94,7.99,0.81549,380,4
371,6.05,9.84,0.274,380,5
372,3.94,6.67,1.2368,380,6
373,3.69,6.05,0.69536,380,7
374,1.22,4.72,1.3692,380,8
375,2.02,4.79,3.4236,380,9
376,-0.86,2.49,1.9148,380,10
377,-1.7,3.01,4.5286,380,11
378,-3.01,3.72,1.8326,380,12
379,-3.94,1.15,5.6698,380,13
380,-6.1,-0.31,0.63961,380,14
381,-4.54,0.14,6.2482,380,15
382,-6.47,0.28,6.8952,380,16
383,-8.23,-0.65,4.487,380,17
384,-7.55,0.57,0.80507,380,18
385,-0.68,0.59,1.9552,380,19
386,-1.11,0.37,0.90547,380,20
387,-1.04,1.19,4.1013,380,21
388,-0.37,5.16,1.3049,380,22
389,4.81,9.58,2.5576,380,23
390,4.59,11.93,2.9491,380,24
391,3.33,7.17,1.1661,380,25
392,2.54,5.33,1.7335,380,26
393,2.35,4.22,0.81567,380,27
394,0.83,5.9,3.0535,380,28
395,-0.47,4.68,4.9967,380,29
396,-2.1,4.04,4.6638,380,30
397,-1.47,3.65,3.8421,380,31
398,-2.14,2.43,2.2557,380,32
399,-0.73,0.82,0.86456,380,33
400,-2.17,-0.17,1.6019,380,34
401,-2.01,7.45,1.2344,380,35
402,7.32,9.88,1.4621,380,36
403,8.49,12.37,1.7288,380,37
404,8.74,11.03,3.6175,380,38
405,2.1,11.5,3.538,380,39
406,0.68,5.59,5.9957,380,40
407,-2.08,6.59,7.9606,380,41
408,3.9,11.79,1.4144,380,42
409,5.79,12.29,2.3661,380,43
410,0.67,8.57,6.9985,380,44
411,0.25,7.14,5.5573,380,45
412,0.92,13.31,9.0223,380,46
413,-0.3,5.76,3.2849,380,47
414,1.07,4.26,2.1158,380,48
415,1.24,6.92,4.4674,380,49
416,3,5.45,3.5677,380,50
417,2.96,7.28,4.9221,380,51
418,3.87,8.22,3.661,380,52
419,1.58,7.15,5.394,380,53
420,-0.28,4.58,8.109,380,54
421,-4.79,0.82,10.8474,380,55
422,-2.78,2.67,6.5987,380,56
423,-0.38,3.86,7.5905,380,57
424,-1.68,3.96,8.1329,380,58
425,0.58,6.56,7.0091,380,59
426,0.1,2.66,1.8771,380,60
427,-2.34,2.73,6.4491,380,61
428,-4.17,-0.36,4.5589,380,62
429,-1.69,2.58,2.9496,380,63
430,-0.73,3.88,4.1926,380,64
431,-2.12,8.67,12.6616,380,65
432,2.3,11.56,5.5054,380,66
433,6.53,11.18,2.64,380,67
434,7.58,10.84,2.7238,380,68
435,8.5,10.84,2.2265,380,69
436,8.79,12.74,3.457,380,70
437,4.17,12.55,11.8171,380,71
438,2.62,6.5,3.611,380,72
439,1.2,8.36,7.307,380,73
440,-0.31,9.78,8.8373,380,74
441,4.68,8.9,6.0214,380,75
442,1.56,4.27,1.3674,380,76
443,1.32,4.54,2.3551,380,77
444,-1.05,3.54,7.3702,380,78
445,-3.4,5.05,11.345,380,79
446,-0.46,1.54,2.2441,380,80
447,-0.39,3.12,3.6555,380,81
448,2.63,8.55,1.7542,380,82
449,2.69,7.38,10.9959,380,83
450,0.9,2.87,2.4096,380,84
451,0.02,3.23,6.2045,380,85
452,-0.2,4.78,6.6884,380,86
453,1.6,11.47,7.4657,380,87
454,4.64,7.45,3.6255,380,88
455,1.8,9.25,5.711,380,89
456,2.42,12.82,7.6106,380,90
457,9.32,14.07,6.9078,380,91
458,8.3,21.35,19.0169,380,92
459,8.67,15.59,12.3423,380,93
460,5.96,11.4,6.7924,380,94
461,4.21,10.96,10.8665,380,95
462,6.44,12.64,7.6125,380,96
463,6.07,11.13,13.1063,380,97
464,2.89,9.6,10.7728,380,98
465,2.77,9.4,6.2148,380,99
466,7.36,10.37,7.2008,380,100
467,4.86,11.09,9.7508,380,101
468,1.59,7.59,14.7858,380,102
469,-0.83,6.09,13.4213,380,103
470,-3.28,4.63,11.161,380,104
471,1.63,8.13,6.1323,380,105
472,3.98,8.63,8.4547,380,106
473,2.88,7.36,8.7669,380,107
474,0.56,5.54,9.8261,380,108
475,-0.41,3.87,9.7026,380,109
476,-0.64,4.35,9.7026,380,110
477,-0.73,6.87,11.0145,380,111
478,-2.49,7.63,6.3131,380,112
479,0.84,9.18,6.3131,380,113
480,2.68,12.05,6.3131,380,114
481,6.21,13.45,6.2307,380,115
482,7.64,13.41,12.1175,380,116
483,7.09,13.04,13.7809,380,117
484,7.14,13.34,12.6851,380,118
485,6.72,15.9,16.5256,380,119
486,9.43,17.96,17.7047,380,120
487,7.71,14.23,14.868,380,121
488,5.94,20.17,22.113,380,122
489,7.83,16.69,12.5164,380,123
490,6.39,11.26,5.5572,380,124
491,8.58,17.11,23.9321,380,125
492,9.98,15.71,15.6591,380,126
493,9.7,17.98,25.2283,380,127
494,9.67,17.46,18.6956,380,128
495,10.02,17.17,24.5028,380,129
496,9.21,16.26,26.5152,380,130
497,9.15,18.11,27.2289,380,131
498,8.8,18.34,27.3338,380,132
499,8.44,14.13,25.7662,380,133
500,8.26,12.64,15.2355,380,134
501,8.3,15.81,19.5106,380,135
502,9.01,15.35,13.6204,380,136
503,7.21,12.94,17.7133,380,137
504,7.09,10.97,9.8978,380,138
505,6.06,12.52,20.8495,380,139
506,3.23,13.82,22.6781,380,140
507,4.39,17.58,25.1535,380,141
508,6.1,19.03,28.8958,380,142
509,8.7,22.33,28.9483,380,143
510,9.38,21.28,28.7783,380,144
511,6.53,21.92,29.8632,380,145
512,10.09,23.11,22.205,380,146
513,11.19,18.22,8.5821,380,147
514,14.83,20.56,8.1385,380,148
515,12.48,18.99,26.0916,380,149
516,8.32,20.01,17.8433,380,150
517,9.68,15.52,17.8106,380,151
518,7.2,16.44,13.6097,380,152
519,6.94,13.21,7.7561,380,153
520,6.69,10.34,13.1917,380,154
521,6.59,14.66,9.7425,380,155
522,7.78,19.64,21.5564,380,156
523,11.05,18.87,19.0584,380,157
524,10.71,14.43,18.3885,380,158
525,7.81,15.07,22.9986,380,159
526,3.19,14.89,23.9595,380,160
527,6.73,16.46,18.3869,380,161
528,6.43,15.06,24.1676,380,162
529,11.47,16.83,13.9653,380,163
530,9.2,18.51,23.0201,380,164
531,7.78,19.68,24.9393,380,165
532,13.25,22.42,17.1189,380,166
533,11.31,20.05,18.5414,380,167
534,12.7,17.16,14.1597,380,168
535,10.91,16.15,11.3227,380,169
536,7.43,18.1,21.7531,380,170
537,8.82,21.54,23.7603,380,171
538,10.52,17.99,20.0493,380,172
539,10.54,15.48,11.9058,380,173
540,9.78,19.7,19.1588,380,174
541,10.29,23.41,25.3621,380,175
542,11.24,23.22,30.005,380,176
543,11.75,27.04,28.4179,380,177
544,17.84,23.29,12.7734,380,178
545,14.7,22.32,23.351,380,179
546,13.93,23.13,20.48,380,180
547,15.74,20.82,14.4419,380,181
548,14.11,20.38,24.3159,380,182
549,12.25,21.25,13.0187,380,183
550,13.89,23.05,29.1328,380,184
551,14.77,26.79,29.7697,380,185
552,18.27,30.71,29.0652,380,186
553,19.87,29.44,21.4045,380,187
554,17.07,25.04,15.3918,380,188
555,16.37,17.24,3.0974,380,189
556,13.42,20.24,12.7605,380,190
557,13.3,23.13,15.2834,380,191
558,13.34,18.27,18.5743,380,192
559,12.14,17.58,13.7312,380,193
560,11.29,18.4,14.4284,380,194
561,11.38,15.78,6.5027,380,195
562,10.75,18.55,18.6191,380,196
563,9.24,18.17,15.6145,380,197
564,8.58,20.53,19.3328,380,198
565,13.45,18.31,12.7889,380,199
566,13.01,17.42,11.1193,380,200
567,11,17.34,9.5445,380,201
568,9.05,17.6,8.4914,380,202
569,15.72,23.42,20.0925,380,203
570,14.85,21.72,13.5264,380,204
571,13.93,24.35,24.7909,380,205
572,13.63,24.17,22.6582,380,206
573,15.23,26.15,25.787,380,207
574,17.07,28.49,18.3621,380,208
575,15.87,24.37,23.1839,380,209
576,11.91,25.46,23.7905,380,210
577,17.35,25.54,23.8578,380,211
578,14.94,23.98,18.0353,380,212
579,13.35,20.52,19.0316,380,213
580,12.53,26.18,17.6811,380,214
581,15.49,21.61,13.262,380,215
582,13.24,19.73,12.2638,380,216
583,11.77,18.01,14.6727,380,217
584,10.8,19.76,13.3838,380,218
585,15.69,20.76,11.1245,380,219
586,13.8,18.71,12.2161,380,220
587,12.4,17.3,10.6614,380,221
588,11.1,16.63,12.6899,380,222
589,8.93,19.91,16.9866,380,223
590,13.83,17.7,5.2817,380,224
591,14.75,19.71,3.2435,380,225
592,15.64,27.28,23.5702,380,226
593,19.2,31.46,21.6553,380,227
594,14.73,22.93,11.4921,380,228
595,10.97,22.25,22.9708,380,229
596,14.21,24.24,14.7119,380,230
597,16.58,23.03,15.6149,380,231
598,14.64,21.4,13.9342,380,232
599,12.49,24.16,18.2032,380,233
600,15.15,26.11,15.1735,380,234
601,18.78,27.69,17.9565,380,235
602,19.23,28.59,17.0409,380,236
603,19.55,30.27,20.3158,380,237
604,18.41,28.96,14.1109,380,238
605,11.71,18.82,19.4194,380,239
606,9.07,17.64,13.5096,380,240
607,7.94,19.37,19.3682,380,241
608,12.01,19.74,11.3067,380,242
609,12.84,19.07,12.4937,380,243
610,11,18.41,11.0602,380,244
611,9.73,16.66,3.8403,380,245
612,12.83,16.85,3.9169,380,246
613,11.33,15.45,11.1141,380,247
614,12.16,16.24,12.1402,380,248
615,12.07,18.36,11.1017,380,249
616,12.09,17.22,7.4002,380,250
617,8.52,15.53,13.1104,380,251
618,8.73,14.5,13.7614,380,252
619,10.69,14.64,9.9036,380,253
620,10.03,15.15,8.0892,380,254
621,12.04,16.55,7.3001,380,255
622,9.83,14.95,9.9842,380,256
623,9.05,15.41,8.5274,380,257
624,8.61,15.74,10.8471,380,258
625,7.4,13.98,12.1649,380,259
626,7.03,13.02,5.1679,380,260
627,8.28,13.4,8.0176,380,261
628,9.7,12.81,3.1311,380,262
629,10.27,13.39,3.3297,380,263
630,8.93,15.97,11.8677,380,264
631,8.47,15.04,8.9212,380,265
632,11.24,13.6,5.6527,380,266
633,10.73,16.31,8.3947,380,267
634,9.6,16.17,11.3269,380,268
635,7.79,16.53,9.2644,380,269
636,12.04,17.12,5.9588,380,270
637,13.39,20.21,12.4799,380,271
638,11.23,19.1,10.1841,380,272
639,14.52,17.73,7.7741,380,273
640,14.78,18.09,3.739,380,274
641,14.01,20.71,1.8352,380,275
642,13.31,17.32,8.0804,380,276
643,11.51,16.89,8.1983,380,277
644,10.29,17.89,11.2636,380,278
645,11,19.4,7.6267,380,279
646,13.08,17.43,7.9851,380,280
647,12.86,16.69,7.4515,380,281
648,13.01,15.77,6.2627,380,282
649,11.81,16.32,9.0269,380,283
650,13.06,16.37,2.3823,380,284
651,9.8,19.69,10.678,380,285
652,12.74,22.18,8.6891,380,286
653,13.89,20.72,7.3545,380,287
654,14.05,21.16,7.9497,380,288
655,9.96,16.78,9.9108,380,289
656,8.95,18.6,8.0599,380,290
657,12.21,18.98,7.2615,380,291
658,14.07,18.71,5.6759,380,292
659,12.58,20.11,7.27,380,293
660,12.41,15.42,3.205,380,294
661,9.11,14.83,1.6746,380,295
662,8.85,13.01,1.4265,380,296
663,10.3,13.54,3.3836,380,297
664,10.52,15.86,4.3004,380,298
665,10.36,15.23,6.3317,380,299
666,10.5,15.58,5.1806,380,300
667,7.98,14.88,5.5145,380,301
668,7.08,13.94,3.1263,380,302
669,12.8,18.46,6.7028,380,303
670,8.21,15.37,4.0107,380,304
671,5.5,12.47,6.276,380,305
672,4.95,13.44,5.8358,380,306
673,9.05,12.45,2.8101,380,307
674,7.75,10.26,1.4165,380,308
675,5.22,10.58,5.4404,380,309
676,7.53,11.84,1.8627,380,310
677,7.18,9.06,1.5169,380,311
678,1.86,8.64,2.3969,380,312
679,-0.43,5.77,5.0948,380,313
680,-3.05,5.62,6.6457,380,314
681,1.9,7.23,1.8898,380,315
682,7.31,10.75,1.1339,380,316
683,2.66,7.07,3.0888,380,317
684,0.19,6.8,5.2365,380,318
685,-3.69,4.99,5.8795,380,319
686,2.33,10.05,1.677,380,320
687,6.11,8.67,1.6578,380,321
688,5.5,8.75,2.3026,380,322
689,3.15,7.26,1.4034,380,323
690,6.34,8.03,1.0642,380,324
691,7.16,9.88,1.8663,380,325
692,1.59,10.55,1.3379,380,326
693,1.6,6.08,3.0049,380,327
694,3.89,9.25,0.64098,380,328
695,9.2,10.89,1.0092,380,329
696,0.39,8.75,3.0443,380,330
697,-1.32,6.57,4.0384,380,331
698,3.89,7.16,2.74,380,332
699,5.43,10.31,0.38898,380,333
700,10.32,12.32,0.67313,380,334
701,8.26,12.49,0.54297,380,335
702,4.43,7.9,1.1649,380,336
703,6.88,9.18,0.89991,380,337
704,7.63,9.8,0.7036,380,338
705,4.35,10.71,2.3303,380,339
706,0.95,9.54,2.7506,380,340
707,-1.8,7.18,4.0486,380,341
708,-0.37,5.19,3.8145,380,342
709,-1.2,1.59,3.2543,380,343
710,-2.09,3.05,2.9303,380,344
711,-1.38,1.07,1.1977,380,345
712,-1.98,2.56,0.86882,380,346
713,0.63,2.62,1.7063,380,347
714,-2.21,0.74,3.1888,380,348
715,-0.36,1.31,1.0543,380,349
716,-2.27,1.31,3.5097,380,350
717,-4.45,1.53,2.1812,380,351
718,-3.27,2.97,0.81254,380,352
719,-1.19,3.37,0.63749,380,353
720,-1.15,1.45,2.425,380,354
721,-1.95,2.06,0.28701,380,355
722,-13,0.6,1.7591,380,356
723,-14.31,0.59,2.8491,380,357
724,-1.43,1.67,0.24089,380,358
725,-0.5,3.38,2.2835,380,359
726,-4.19,1.38,2.3749,380,360
727,-2.32,0.19,0.34924,380,361
728,-2.77,3.91,1.452,380,362
729,-5.14,1.62,1.2809,380,363
730,-5.1,0.81,0.68737,380,364
731,-6.26,1.49,3.4559,380,365
732,-2.24,-0.18,2.7061,383,1
733,-3.45,-0.03,1.0508,383,2
734,-6.44,-0.23,4.3568,383,3
735,-8.22,-1.05,4.3983,383,4
736,-7.86,1.44,3.5614,383,5
737,-2.65,2.29,0.64971,383,6
738,1.59,3.38,1.1903,383,7
739,-1.33,2.2,1.2095,383,8
740,-3.4,2.51,4.3527,383,9
741,-3.61,2.31,2.7525,383,10
742,-0.67,2.97,0.41693,383,11
743,1.48,3.52,0.46949,383,12
744,-0.05,7.01,1.9987,383,13
745,-0.27,2.64,0.9441,383,14
746,1.82,2.9,0.55399,383,15
747,2.8,5.42,2.4487,383,16
748,3.23,5.4,1.0235,383,17
749,3.33,5.42,1.9976,383,18
750,3.57,8.29,1.5005,383,19
751,3.8,10.56,0.52675,383,20
752,8.25,11.71,0.7589,383,21
753,5.49,8.99,1.349,383,22
754,5.29,8.49,1.103,383,23
755,5.26,10.73,0.95854,383,24
756,1.09,7.52,4.0738,383,25
757,7.93,10.98,1.1169,383,26
758,7.55,11.4,3.2477,383,27
759,9.63,13.01,3.0481,383,28
760,7.98,11.68,3.2237,383,29
761,8.35,11.73,2.9206,383,30
762,5.59,11.57,4.0598,383,31
763,7.89,12.68,2.0671,383,32
764,9.63,15.12,6.835,383,33
765,6.28,14.19,4.5014,383,34
766,5.93,13,1.7923,383,35
767,8.03,12.17,1.3105,383,36
768,6.04,7.99,2.6998,383,37
769,3.5,7.14,3.0941,383,38
770,5.31,11.29,3.9307,383,39
771,7.29,12.15,1.7649,383,40
772,5.64,8.68,3.2849,383,41
773,8.76,11.78,0.72013,383,42
774,9.39,12.42,4.0171,383,43
775,3.28,9.24,4.5616,383,44
776,-0.33,4.53,9.6794,383,45
777,-4.08,6.43,9.6841,383,46
778,-2.89,8.56,10.1201,383,47
779,-4.61,6.23,9.0424,383,48
780,0.28,7.94,6.2383,383,49
781,3.15,8.14,5.3811,383,50
782,0.66,9.4,7.2572,383,51
783,1.06,5.41,9.8236,383,52
784,1.09,10.75,2.1262,383,53
785,2,6.13,4.6194,383,54
786,0.28,6.07,8.3606,383,55
787,2.26,9.73,1.7377,383,56
788,7.46,11.43,5.1055,383,57
789,4.43,8.55,7.4859,383,58
790,3.38,7.26,5.0597,383,59
791,-0.5,6.93,8.5952,383,60
792,-4.55,6.31,11.6978,383,61
793,-0.56,7.68,8.9881,383,62
794,5.87,9.29,3.5139,383,63
795,3.69,9.59,5.7256,383,64
796,3.67,9.97,1.802,383,65
797,5.33,11.1,8.1975,383,66
798,2.39,11.72,11.5452,383,67
799,3.44,11.18,11.3406,383,68
800,2.11,11.1,12.9879,383,69
801,5.84,14.12,12.9131,383,70
802,5.34,14.06,8.3974,383,71
803,0.77,8.01,1.711,383,72
804,-0.56,5.86,9.49,383,73
805,0.43,5.86,6.6999,383,74
806,5.77,15.05,12.8225,383,75
807,7.4,15.83,7.4336,383,76
808,7.69,12.69,4.4269,383,77
809,6.84,11.24,9.438,383,78
810,7.47,11.68,6.8839,383,79
811,7.08,13.1,7.9737,383,80
812,2.45,8.88,7.7867,383,81
813,1.79,9.19,13.4912,383,82
814,-0.06,6.37,10.7599,383,83
815,-0.71,8.5,17.6753,383,84
816,0.34,9.48,12.1579,383,85
817,-0.35,9.29,17.5958,383,86
818,-0.73,13.1,18.6171,383,87
819,1.68,15.63,18.7363,383,88
820,4.09,14.57,8.934,383,89
821,5.7,15.67,13.3388,383,90
822,6.37,16.81,16.5235,383,91
823,9.11,20.32,18.0185,383,92
824,9.45,18.98,19.1404,383,93
825,6.64,16.74,17.7809,383,94
826,4.12,13.25,20.1198,383,95
827,-1.1,9.9,20.9585,383,96
828,-1.05,12.08,20.5547,383,97
829,1.45,12.8,20.445,383,98
830,0.18,9.89,11.1007,383,99
831,1.86,10.16,16.2026,383,100
832,4.21,11.34,13.1826,383,101
833,1.12,11.98,12.5092,383,102
834,3.33,9.34,8.2107,383,103
835,-0.98,9.85,8.9023,383,104
836,5.78,7.31,2.1688,383,105
837,6.39,8.47,4.5204,383,106
838,5.17,9.47,4.564,383,107
839,4.49,12.51,8.4791,383,108
840,2.34,11.85,15.4723,383,109
841,3.01,11.24,7.053,383,110
842,2.72,16.75,22.618,383,111
843,7.48,19.2,17.6594,383,112
844,10.25,16.71,19.1292,383,113
845,9.99,19.24,18.0367,383,114
846,7.32,16.3,14.0527,383,115
847,5.47,11.82,5.4118,383,116
848,5.53,10.42,16.1473,383,117
849,6.82,13.24,6.8882,383,118
850,6.52,11.64,12.7935,383,119
851,7.2,14.36,5.8633,383,120
852,7.52,13.39,15.6929,383,121
853,7.91,13.84,10.8997,383,122
854,5.6,12.5,15.6584,383,123
855,6.86,9.87,3.4811,383,124
856,6.03,10.03,3.6785,383,125
857,5.22,14.01,13.3706,383,126
858,8.45,17.45,24.2382,383,127
859,9.6,17.22,18.8956,383,128
860,12.25,23.61,19.4427,383,129
861,11.56,15.99,6.8252,383,130
862,10.59,14.17,4.4548,383,131
863,9.65,14.88,5.8844,383,132
864,8.47,21.24,21.6676,383,133
865,9.75,18.02,11.808,383,134
866,8.69,19,19.8378,383,135
867,8.98,22.58,26.254,383,136
868,9.51,21.51,26.7084,383,137
869,10.43,18.97,8.2852,383,138
870,9,19.16,15.9525,383,139
871,12,22.39,15.5079,383,140
872,15.43,24.54,7.3098,383,141
873,13.69,19.19,7.113,383,142
874,12.02,18.42,16.2907,383,143
875,8.49,16.41,12.0327,383,144
876,9.24,15.67,15.7127,383,145
877,8.25,16.55,11.9665,383,146
878,8.11,17.6,21.1677,383,147
879,9.62,19.58,21.8119,383,148
880,10.01,14.91,14.973,383,149
881,8.38,17.29,18.8697,383,150
882,8.3,16.7,21.6545,383,151
883,4.93,18.45,30.3673,383,152
884,9.36,23.25,28.5473,383,153
885,14.25,24.24,16.8864,383,154
886,11.24,23.88,26.2097,383,155
887,15.3,23.69,12.1532,383,156
888,13.69,19.86,13.4622,383,157
889,13.41,18.95,10.433,383,158
890,11.6,20.33,15.8841,383,159
891,13.16,21.37,17.6272,383,160
892,10.41,15.4,11.7386,383,161
893,9.3,16.29,14.5419,383,162
894,10.02,18.32,10.4735,383,163
895,11.31,15.92,7.5651,383,164
896,13.57,22.42,14.6032,383,165
897,15.8,19.65,18.5691,383,166
898,13.45,21.69,12.5204,383,167
899,16.98,30.45,28.8989,383,168
900,14.14,31.77,22.7223,383,169
901,10.92,22.45,21.2751,383,170
902,13.67,16.87,5.577,383,171
903,10.61,19.83,17.6989,383,172
904,12.33,20.94,17.2758,383,173
905,13.09,18.92,23.3335,383,174
906,10.04,19.11,27.6851,383,175
907,9.35,20.38,15.042,383,176
908,9.19,21.38,22.2411,383,177
909,9.88,17.07,21.924,383,178
910,8.98,14.6,12.7877,383,179
911,8.36,17.79,21.9652,383,180
912,11.28,17.75,10.2213,383,181
913,12.15,14.73,3.7277,383,182
914,11.94,16.53,14.6805,383,183
915,11.63,16.11,4.6312,383,184
916,12.49,18.4,20.739,383,185
917,12.75,20.27,14.9275,383,186
918,13.41,18.43,11.255,383,187
919,11.75,18.38,10.5928,383,188
920,13.35,23.32,23.0799,383,189
921,16.13,26.01,16.2702,383,190
922,12.05,16.8,4.9939,383,191
923,10.48,19.45,22.6837,383,192
924,10.55,21.63,19.6688,383,193
925,14.05,19.88,9.781,383,194
926,15,22.68,18.0298,383,195
927,15.53,24.89,24.0551,383,196
928,12.91,23.82,17.9475,383,197
929,14.2,22.25,18.588,383,198
930,13.26,17.73,17.978,383,199
931,12.45,16.78,7.5588,383,200
932,9.19,21.6,25.0937,383,201
933,13.58,16.29,13.4657,383,202
934,12.63,18.71,15.1738,383,203
935,15.18,19.56,7.8325,383,204
936,14.5,18.16,17.2868,383,205
937,10.94,19.3,15.2237,383,206
938,14.69,23.37,18.4606,383,207
939,14.18,25.4,22.0494,383,208
940,18.72,29.22,26.021,383,209
941,19.48,29.96,22.9394,383,210
942,18.61,31.31,17.6137,383,211
943,17.36,26.85,14.8782,383,212
944,13.71,19.04,3.8613,383,213
945,10.97,23.93,23.7355,383,214
946,14.33,18.75,8.3859,383,215
947,14.5,22.35,20.1847,383,216
948,14.77,20.02,8.279,383,217
949,14.8,20.63,12.6978,383,218
950,11.73,22.69,15.605,383,219
951,14.96,22.53,16.1452,383,220
952,14.05,23.48,16.7874,383,221
953,15.35,19.16,9.1661,383,222
954,14.93,20.45,9.2718,383,223
955,13.55,20.78,13.8711,383,224
956,12.8,22.78,22.2048,383,225
957,13.08,24.57,16.1004,383,226
958,16.2,26.8,19.9885,383,227
959,17.12,27.7,22.5321,383,228
960,16.57,28.68,22.2115,383,229
961,18.07,29.37,21.0926,383,230
962,18.51,26.99,11.6585,383,231
963,16.63,24.65,10.2356,383,232
964,15.89,18.16,3.1393,383,233
965,15.08,17.65,6.8455,383,234
966,13.94,20.31,10.8417,383,235
967,14.78,18.32,3.3601,383,236
968,14.11,20.94,14.1164,383,237
969,13.07,22.23,15.7663,383,238
970,17.35,24.4,13.2664,383,239
971,16.38,23.8,15.9664,383,240
972,14,23.19,15.7851,383,241
973,13.08,21.15,13.2892,383,242
974,14,18.88,8.6415,383,243
975,12.86,19.16,16.7864,383,244
976,11.94,21.21,19.1241,383,245
977,11.79,21.93,18.1829,383,246
978,10.14,22.18,18.3737,383,247
979,9.06,21.92,16.7592,383,248
980,12.89,20.61,10.3444,383,249
981,13.37,20.92,9.416,383,250
982,13.96,23.62,13.857,383,251
983,14.79,26.26,13.6696,383,252
984,12.78,15.74,3.4796,383,253
985,13.3,17.72,5.614,383,254
986,13.37,21.49,18.6051,383,255
987,11.43,21.32,17.8315,383,256
988,12.35,18.71,6.9373,383,257
989,10.82,19.03,14.9906,383,258
990,6.76,17.87,9.3829,383,259
991,10.52,17.39,7.1466,383,260
992,10.58,16.11,5.1026,383,261
993,12.69,16.69,5.4266,383,262
994,11.59,17.3,8.2093,383,263
995,11.07,16,7.1577,383,264
996,9.87,14.56,11.4868,383,265
997,7.74,14.86,13.9204,383,266
998,5.32,14.7,15.6898,383,267
999,7.36,16.22,9.5721,383,268
1000,9.15,15.18,6.1246,383,269
1001,9,16.85,10.4498,383,270
1002,6.6,17.36,8.4445,383,271
1003,7.43,17.89,8.9939,383,272
1004,7.86,18.66,14.1517,383,273
1005,6.69,19.92,12.206,383,274
1006,9.32,18.61,8.5828,383,275
1007,10.69,17.4,2.9607,383,276
1008,7.15,16.41,9.6233,383,277
1009,8.29,14.23,1.7388,383,278
1010,5.32,12.67,9.5847,383,279
1011,1.45,12.35,5.1086,383,280
1012,0.5,9.63,12.8482,383,281
1013,3.45,12.98,12.2207,383,282
1014,4.89,11.67,11.2381,383,283
1015,2.85,10.01,11.8488,383,284
1016,2.71,6.83,4.145,383,285
1017,4.51,7.8,2.6123,383,286
1018,6.13,10.14,1.5317,383,287
1019,4.13,11.15,2.9368,383,288
1020,10.61,14.22,4.3258,383,289
1021,5.71,11.51,7.4967,383,290
1022,4.71,8.57,4.1388,383,291
1023,2.32,8.23,5.907,383,292
1024,3.48,10.41,7.1707,383,293
1025,5.26,13.33,1.347,383,294
1026,10.89,15.09,3.5901,383,295
1027,4.64,13.57,3.4327,383,296
1028,4.96,10.49,8.5297,383,297
1029,8.54,13.39,1.7667,383,298
1030,7.58,12.02,5.1114,383,299
1031,8.85,15.63,2.7309,383,300
1032,6.4,11.74,8.0888,383,301
1033,5.59,9.71,2.259,383,302
1034,4.63,11.15,6.3064,383,303
1035,2.39,12.06,7.2219,383,304
1036,-0.23,12.66,1.4757,383,305
1037,10.15,14.5,4.5991,383,306
1038,8.41,14.02,4.0851,383,307
1039,6.69,12.66,4.6044,383,308
1040,2.15,8.16,5.2649,383,309
1041,2.16,11.34,4.6376,383,310
1042,3.91,8.81,2.696,383,311
1043,4.2,9.96,2.6865,383,312
1044,3.21,10.47,5.4897,383,313
1045,0.53,7.64,3.2035,383,314
1046,6.29,11.92,4.0754,383,315
1047,8.27,10.78,2.795,383,316
1048,6.93,10.5,1.2756,383,317
1049,6.76,12.9,3.4349,383,318
1050,4.35,10.19,3.4008,383,319
1051,2.38,8.02,1.6069,383,320
1052,7.19,11.09,3.6653,383,321
1053,6.39,8.45,1.1312,383,322
1054,3.36,8.09,3.1366,383,323
1055,1.55,7.54,3.4455,383,324
1056,4.82,12.06,1.4388,383,325
1057,5.99,9.71,1.6859,383,326
1058,3.98,10.66,4.3328,383,327
1059,4.92,10.89,4.5931,383,328
1060,4.68,6.09,0.71618,383,329
1061,3.14,9.73,2.4776,383,330
1062,2.28,9.18,4.1001,383,331
1063,6.11,9.21,1.2215,383,332
1064,6.8,9.65,1.7458,383,333
1065,2.94,7.68,1.59,383,334
1066,5.89,8.43,2.459,383,335
1067,4.83,7.28,0.6098,383,336
1068,4.64,8.58,1.8955,383,337
1069,2.89,5.74,1.564,383,338
1070,1.83,6.57,1.8055,383,339
1071,0.09,4.02,0.47718,383,340
1072,-2.72,0.93,0.83378,383,341
1073,-4.63,-0.64,2.322,383,342
1074,-8.3,-3.47,3.7179,383,343
1075,-9.41,-4.15,3.8746,383,344
1076,-9.14,-3.58,3.5761,383,345
1077,-7.31,-1.49,1.8086,383,346
1078,-4.1,-0.88,1.5106,383,347
1079,-2.38,-0.08,0.66112,383,348
1080,-0.22,2.98,1.2463,383,349
1081,-0.17,5.77,0.25682,383,350
1082,-0.76,1.16,0.6095,383,351
1083,-5.18,1.2,2.3611,383,352
1084,-1.4,2.79,2.202,383,353
1085,-3.83,0.41,1.9687,383,354
1086,-0.44,1.6,1.0023,383,355
1087,-0.37,8.88,0.24356,383,356
1088,0.84,4.86,0.75978,383,357
1089,5.02,10.64,1.3698,383,358
1090,8.61,10.66,1.2909,383,359
1091,8.2,10.27,0.48418,383,360
1092,8.38,11.1,0.43153,383,361
1093,6.95,10.32,1.029,383,362
1094,6.21,7.72,0.52119,383,363
1095,1.11,10.95,0.4009,383,364
1096,-2.55,1.04,3.263,383,365
